~id,~label,restaurant_id,name,location
restaurant_000001,Restaurant,restaurant_000001,Restaurant 1,Location 1
restaurant_000002,Restaurant,restaurant_000002,Restaurant 2,Location 2
restaurant_000003,Restaurant,restaurant_000003,Restaurant 3,Location 3
restaurant_000004,Restaurant,restaurant_000004,Restaurant 4,Location 4
restaurant_000005,Restaurant,restaurant_000005,Restaurant 5,Location 5
restaurant_000006,Restaurant,restaurant_000006,Restaurant 6,Location 6
restaurant_000007,Restaurant,restaurant_000007,Restaurant 7,Location 7
restaurant_000008,Restaurant,restaurant_000008,Restaurant 8,Location 8
restaurant_000009,Restaurant,restaurant_000009,Restaurant 9,Location 9
restaurant_000010,Restaurant,restaurant_000010,Restaurant 10,Location 10
restaurant_000011,Restaurant,restaurant_000011,Restaurant 11,Location 11
restaurant_000012,Restaurant,restaurant_000012,Restaurant 12,Location 12
restaurant_000013,Restaurant,restaurant_000013,Restaurant 13,Location 13
restaurant_000014,Restaurant,restaurant_000014,Restaurant 14,Location 14
restaurant_000015,Restaurant,restaurant_000015,Restaurant 15,Location 15
restaurant_000016,Restaurant,restaurant_000016,Restaurant 16,Location 16
restaurant_000017,Restaurant,restaurant_000017,Restaurant 17,Location 17
restaurant_000018,Restaurant,restaurant_000018,Restaurant 18,Location 18
restaurant_000019,Restaurant,restaurant_000019,Restaurant 19,Location 19
restaurant_000020,Restaurant,restaurant_000020,Restaurant 20,Location 20
restaurant_000021,Restaurant,restaurant_000021,Restaurant 21,Location 21
restaurant_000022,Restaurant,restaurant_000022,Restaurant 22,Location 22
restaurant_000023,Restaurant,restaurant_000023,Restaurant 23,Location 23
restaurant_000024,Restaurant,restaurant_000024,Restaurant 24,Location 24
restaurant_000025,Restaurant,restaurant_000025,Restaurant 25,Location 25
restaurant_000026,Restaurant,restaurant_000026,Restaurant 26,Location 26
restaurant_000027,Restaurant,restaurant_000027,Restaurant 27,Location 27
restaurant_000028,Restaurant,restaurant_000028,Restaurant 28,Location 28
restaurant_000029,Restaurant,restaurant_000029,Restaurant 29,Location 29
restaurant_000030,Restaurant,restaurant_000030,Restaurant 30,Location 30
restaurant_000031,Restaurant,restaurant_000031,Restaurant 31,Location 31
restaurant_000032,Restaurant,restaurant_000032,Restaurant 32,Location 32
restaurant_000033,Restaurant,restaurant_000033,Restaurant 33,Location 33
restaurant_000034,Restaurant,restaurant_000034,Restaurant 34,Location 34
restaurant_000035,Restaurant,restaurant_000035,Restaurant 35,Location 35
restaurant_000036,Restaurant,restaurant_000036,Restaurant 36,Location 36
restaurant_000037,Restaurant,restaurant_000037,Restaurant 37,Location 37
restaurant_000038,Restaurant,restaurant_000038,Restaurant 38,Location 38
restaurant_000039,Restaurant,restaurant_000039,Restaurant 39,Location 39
restaurant_000040,Restaurant,restaurant_000040,Restaurant 40,Location 40
restaurant_000041,Restaurant,restaurant_000041,Restaurant 41,Location 41
restaurant_000042,Restaurant,restaurant_000042,Restaurant 42,Location 42
restaurant_000043,Restaurant,restaurant_000043,Restaurant 43,Location 43
restaurant_000044,Restaurant,restaurant_000044,Restaurant 44,Location 44
restaurant_000045,Restaurant,restaurant_000045,Restaurant 45,Location 45
restaurant_000046,Restaurant,restaurant_000046,Restaurant 46,Location 46
restaurant_000047,Restaurant,restaurant_000047,Restaurant 47,Location 47
restaurant_000048,Restaurant,restaurant_000048,Restaurant 48,Location 48
restaurant_000049,Restaurant,restaurant_000049,Restaurant 49,Location 49
restaurant_000050,Restaurant,restaurant_000050,Restaurant 50,Location 50
restaurant_000051,Restaurant,restaurant_000051,Restaurant 51,Location 51
restaurant_000052,Restaurant,restaurant_000052,Restaurant 52,Location 52
restaurant_000053,Restaurant,restaurant_000053,Restaurant 53,Location 53
restaurant_000054,Restaurant,restaurant_000054,Restaurant 54,Location 54
restaurant_000055,Restaurant,restaurant_000055,Restaurant 55,Location 55
restaurant_000056,Restaurant,restaurant_000056,Restaurant 56,Location 56
restaurant_000057,Restaurant,restaurant_000057,Restaurant 57,Location 57
restaurant_000058,Restaurant,restaurant_000058,Restaurant 58,Location 58
restaurant_000059,Restaurant,restaurant_000059,Restaurant 59,Location 59
restaurant_000060,Restaurant,restaurant_000060,Restaurant 60,Location 60
restaurant_000061,Restaurant,restaurant_000061,Restaurant 61,Location 61
restaurant_000062,Restaurant,restaurant_000062,Restaurant 62,Location 62
restaurant_000063,Restaurant,restaurant_000063,Restaurant 63,Location 63
restaurant_000064,Restaurant,restaurant_000064,Restaurant 64,Location 64
restaurant_000065,Restaurant,restaurant_000065,Restaurant 65,Location 65
restaurant_000066,Restaurant,restaurant_000066,Restaurant 66,Location 66
restaurant_000067,Restaurant,restaurant_000067,Restaurant 67,Location 67
restaurant_000068,Restaurant,restaurant_000068,Restaurant 68,Location 68
restaurant_000069,Restaurant,restaurant_000069,Restaurant 69,Location 69
restaurant_000070,Restaurant,restaurant_000070,Restaurant 70,Location 70
restaurant_000071,Restaurant,restaurant_000071,Restaurant 71,Location 71
restaurant_000072,Restaurant,restaurant_000072,Restaurant 72,Location 72
restaurant_000073,Restaurant,restaurant_000073,Restaurant 73,Location 73
restaurant_000074,Restaurant,restaurant_000074,Restaurant 74,Location 74
restaurant_000075,Restaurant,restaurant_000075,Restaurant 75,Location 75
restaurant_000076,Restaurant,restaurant_000076,Restaurant 76,Location 76
restaurant_000077,Restaurant,restaurant_000077,Restaurant 77,Location 77
restaurant_000078,Restaurant,restaurant_000078,Restaurant 78,Location 78
restaurant_000079,Restaurant,restaurant_000079,Restaurant 79,Location 79
restaurant_000080,Restaurant,restaurant_000080,Restaurant 80,Location 80
restaurant_000081,Restaurant,restaurant_000081,Restaurant 81,Location 81
restaurant_000082,Restaurant,restaurant_000082,Restaurant 82,Location 82
restaurant_000083,Restaurant,restaurant_000083,Restaurant 83,Location 83
restaurant_000084,Restaurant,restaurant_000084,Restaurant 84,Location 84
restaurant_000085,Restaurant,restaurant_000085,Restaurant 85,Location 85
restaurant_000086,Restaurant,restaurant_000086,Restaurant 86,Location 86
restaurant_000087,Restaurant,restaurant_000087,Restaurant 87,Location 87
restaurant_000088,Restaurant,restaurant_000088,Restaurant 88,Location 88
restaurant_000089,Restaurant,restaurant_000089,Restaurant 89,Location 89
restaurant_000090,Restaurant,restaurant_000090,Restaurant 90,Location 90
restaurant_000091,Restaurant,restaurant_000091,Restaurant 91,Location 91
restaurant_000092,Restaurant,restaurant_000092,Restaurant 92,Location 92
restaurant_000093,Restaurant,restaurant_000093,Restaurant 93,Location 93
restaurant_000094,Restaurant,restaurant_000094,Restaurant 94,Location 94
restaurant_000095,Restaurant,restaurant_000095,Restaurant 95,Location 95
restaurant_000096,Restaurant,restaurant_000096,Restaurant 96,Location 96
restaurant_000097,Restaurant,restaurant_000097,Restaurant 97,Location 97
restaurant_000098,Restaurant,restaurant_000098,Restaurant 98,Location 98
restaurant_000099,Restaurant,restaurant_000099,Restaurant 99,Location 99
restaurant_000100,Restaurant,restaurant_000100,Restaurant 100,Location 100
restaurant_000101,Restaurant,restaurant_000101,Restaurant 101,Location 101
restaurant_000102,Restaurant,restaurant_000102,Restaurant 102,Location 102
restaurant_000103,Restaurant,restaurant_000103,Restaurant 103,Location 103
restaurant_000104,Restaurant,restaurant_000104,Restaurant 104,Location 104
restaurant_000105,Restaurant,restaurant_000105,Restaurant 105,Location 105
restaurant_000106,Restaurant,restaurant_000106,Restaurant 106,Location 106
restaurant_000107,Restaurant,restaurant_000107,Restaurant 107,Location 107
restaurant_000108,Restaurant,restaurant_000108,Restaurant 108,Location 108
restaurant_000109,Restaurant,restaurant_000109,Restaurant 109,Location 109
restaurant_000110,Restaurant,restaurant_000110,Restaurant 110,Location 110
restaurant_000111,Restaurant,restaurant_000111,Restaurant 111,Location 111
restaurant_000112,Restaurant,restaurant_000112,Restaurant 112,Location 112
restaurant_000113,Restaurant,restaurant_000113,Restaurant 113,Location 113
restaurant_000114,Restaurant,restaurant_000114,Restaurant 114,Location 114
restaurant_000115,Restaurant,restaurant_000115,Restaurant 115,Location 115
restaurant_000116,Restaurant,restaurant_000116,Restaurant 116,Location 116
restaurant_000117,Restaurant,restaurant_000117,Restaurant 117,Location 117
restaurant_000118,Restaurant,restaurant_000118,Restaurant 118,Location 118
restaurant_000119,Restaurant,restaurant_000119,Restaurant 119,Location 119
restaurant_000120,Restaurant,restaurant_000120,Restaurant 120,Location 120
restaurant_000121,Restaurant,restaurant_000121,Restaurant 121,Location 121
restaurant_000122,Restaurant,restaurant_000122,Restaurant 122,Location 122
restaurant_000123,Restaurant,restaurant_000123,Restaurant 123,Location 123
restaurant_000124,Restaurant,restaurant_000124,Restaurant 124,Location 124
restaurant_000125,Restaurant,restaurant_000125,Restaurant 125,Location 125
restaurant_000126,Restaurant,restaurant_000126,Restaurant 126,Location 126
restaurant_000127,Restaurant,restaurant_000127,Restaurant 127,Location 127
restaurant_000128,Restaurant,restaurant_000128,Restaurant 128,Location 128
restaurant_000129,Restaurant,restaurant_000129,Restaurant 129,Location 129
restaurant_000130,Restaurant,restaurant_000130,Restaurant 130,Location 130
restaurant_000131,Restaurant,restaurant_000131,Restaurant 131,Location 131
restaurant_000132,Restaurant,restaurant_000132,Restaurant 132,Location 132
restaurant_000133,Restaurant,restaurant_000133,Restaurant 133,Location 133
restaurant_000134,Restaurant,restaurant_000134,Restaurant 134,Location 134
restaurant_000135,Restaurant,restaurant_000135,Restaurant 135,Location 135
restaurant_000136,Restaurant,restaurant_000136,Restaurant 136,Location 136
restaurant_000137,Restaurant,restaurant_000137,Restaurant 137,Location 137
restaurant_000138,Restaurant,restaurant_000138,Restaurant 138,Location 138
restaurant_000139,Restaurant,restaurant_000139,Restaurant 139,Location 139
restaurant_000140,Restaurant,restaurant_000140,Restaurant 140,Location 140
restaurant_000141,Restaurant,restaurant_000141,Restaurant 141,Location 141
restaurant_000142,Restaurant,restaurant_000142,Restaurant 142,Location 142
restaurant_000143,Restaurant,restaurant_000143,Restaurant 143,Location 143
restaurant_000144,Restaurant,restaurant_000144,Restaurant 144,Location 144
restaurant_000145,Restaurant,restaurant_000145,Restaurant 145,Location 145
restaurant_000146,Restaurant,restaurant_000146,Restaurant 146,Location 146
restaurant_000147,Restaurant,restaurant_000147,Restaurant 147,Location 147
restaurant_000148,Restaurant,restaurant_000148,Restaurant 148,Location 148
restaurant_000149,Restaurant,restaurant_000149,Restaurant 149,Location 149
restaurant_000150,Restaurant,restaurant_000150,Restaurant 150,Location 150
restaurant_000151,Restaurant,restaurant_000151,Restaurant 151,Location 151
restaurant_000152,Restaurant,restaurant_000152,Restaurant 152,Location 152
restaurant_000153,Restaurant,restaurant_000153,Restaurant 153,Location 153
restaurant_000154,Restaurant,restaurant_000154,Restaurant 154,Location 154
restaurant_000155,Restaurant,restaurant_000155,Restaurant 155,Location 155
restaurant_000156,Restaurant,restaurant_000156,Restaurant 156,Location 156
restaurant_000157,Restaurant,restaurant_000157,Restaurant 157,Location 157
restaurant_000158,Restaurant,restaurant_000158,Restaurant 158,Location 158
restaurant_000159,Restaurant,restaurant_000159,Restaurant 159,Location 159
restaurant_000160,Restaurant,restaurant_000160,Restaurant 160,Location 160
restaurant_000161,Restaurant,restaurant_000161,Restaurant 161,Location 161
restaurant_000162,Restaurant,restaurant_000162,Restaurant 162,Location 162
restaurant_000163,Restaurant,restaurant_000163,Restaurant 163,Location 163
restaurant_000164,Restaurant,restaurant_000164,Restaurant 164,Location 164
restaurant_000165,Restaurant,restaurant_000165,Restaurant 165,Location 165
restaurant_000166,Restaurant,restaurant_000166,Restaurant 166,Location 166
restaurant_000167,Restaurant,restaurant_000167,Restaurant 167,Location 167
restaurant_000168,Restaurant,restaurant_000168,Restaurant 168,Location 168
restaurant_000169,Restaurant,restaurant_000169,Restaurant 169,Location 169
restaurant_000170,Restaurant,restaurant_000170,Restaurant 170,Location 170
restaurant_000171,Restaurant,restaurant_000171,Restaurant 171,Location 171
restaurant_000172,Restaurant,restaurant_000172,Restaurant 172,Location 172
restaurant_000173,Restaurant,restaurant_000173,Restaurant 173,Location 173
restaurant_000174,Restaurant,restaurant_000174,Restaurant 174,Location 174
restaurant_000175,Restaurant,restaurant_000175,Restaurant 175,Location 175
restaurant_000176,Restaurant,restaurant_000176,Restaurant 176,Location 176
restaurant_000177,Restaurant,restaurant_000177,Restaurant 177,Location 177
restaurant_000178,Restaurant,restaurant_000178,Restaurant 178,Location 178
restaurant_000179,Restaurant,restaurant_000179,Restaurant 179,Location 179
restaurant_000180,Restaurant,restaurant_000180,Restaurant 180,Location 180
restaurant_000181,Restaurant,restaurant_000181,Restaurant 181,Location 181
restaurant_000182,Restaurant,restaurant_000182,Restaurant 182,Location 182
restaurant_000183,Restaurant,restaurant_000183,Restaurant 183,Location 183
restaurant_000184,Restaurant,restaurant_000184,Restaurant 184,Location 184
restaurant_000185,Restaurant,restaurant_000185,Restaurant 185,Location 185
restaurant_000186,Restaurant,restaurant_000186,Restaurant 186,Location 186
restaurant_000187,Restaurant,restaurant_000187,Restaurant 187,Location 187
restaurant_000188,Restaurant,restaurant_000188,Restaurant 188,Location 188
restaurant_000189,Restaurant,restaurant_000189,Restaurant 189,Location 189
restaurant_000190,Restaurant,restaurant_000190,Restaurant 190,Location 190
restaurant_000191,Restaurant,restaurant_000191,Restaurant 191,Location 191
restaurant_000192,Restaurant,restaurant_000192,Restaurant 192,Location 192
restaurant_000193,Restaurant,restaurant_000193,Restaurant 193,Location 193
restaurant_000194,Restaurant,restaurant_000194,Restaurant 194,Location 194
restaurant_000195,Restaurant,restaurant_000195,Restaurant 195,Location 195
restaurant_000196,Restaurant,restaurant_000196,Restaurant 196,Location 196
restaurant_000197,Restaurant,restaurant_000197,Restaurant 197,Location 197
restaurant_000198,Restaurant,restaurant_000198,Restaurant 198,Location 198
restaurant_000199,Restaurant,restaurant_000199,Restaurant 199,Location 199
restaurant_000200,Restaurant,restaurant_000200,Restaurant 200,Location 200
restaurant_000201,Restaurant,restaurant_000201,Restaurant 201,Location 201
restaurant_000202,Restaurant,restaurant_000202,Restaurant 202,Location 202
restaurant_000203,Restaurant,restaurant_000203,Restaurant 203,Location 203
restaurant_000204,Restaurant,restaurant_000204,Restaurant 204,Location 204
restaurant_000205,Restaurant,restaurant_000205,Restaurant 205,Location 205
restaurant_000206,Restaurant,restaurant_000206,Restaurant 206,Location 206
restaurant_000207,Restaurant,restaurant_000207,Restaurant 207,Location 207
restaurant_000208,Restaurant,restaurant_000208,Restaurant 208,Location 208
restaurant_000209,Restaurant,restaurant_000209,Restaurant 209,Location 209
restaurant_000210,Restaurant,restaurant_000210,Restaurant 210,Location 210
restaurant_000211,Restaurant,restaurant_000211,Restaurant 211,Location 211
restaurant_000212,Restaurant,restaurant_000212,Restaurant 212,Location 212
restaurant_000213,Restaurant,restaurant_000213,Restaurant 213,Location 213
restaurant_000214,Restaurant,restaurant_000214,Restaurant 214,Location 214
restaurant_000215,Restaurant,restaurant_000215,Restaurant 215,Location 215
restaurant_000216,Restaurant,restaurant_000216,Restaurant 216,Location 216
restaurant_000217,Restaurant,restaurant_000217,Restaurant 217,Location 217
restaurant_000218,Restaurant,restaurant_000218,Restaurant 218,Location 218
restaurant_000219,Restaurant,restaurant_000219,Restaurant 219,Location 219
restaurant_000220,Restaurant,restaurant_000220,Restaurant 220,Location 220
restaurant_000221,Restaurant,restaurant_000221,Restaurant 221,Location 221
restaurant_000222,Restaurant,restaurant_000222,Restaurant 222,Location 222
restaurant_000223,Restaurant,restaurant_000223,Restaurant 223,Location 223
restaurant_000224,Restaurant,restaurant_000224,Restaurant 224,Location 224
restaurant_000225,Restaurant,restaurant_000225,Restaurant 225,Location 225
restaurant_000226,Restaurant,restaurant_000226,Restaurant 226,Location 226
restaurant_000227,Restaurant,restaurant_000227,Restaurant 227,Location 227
restaurant_000228,Restaurant,restaurant_000228,Restaurant 228,Location 228
restaurant_000229,Restaurant,restaurant_000229,Restaurant 229,Location 229
restaurant_000230,Restaurant,restaurant_000230,Restaurant 230,Location 230
restaurant_000231,Restaurant,restaurant_000231,Restaurant 231,Location 231
restaurant_000232,Restaurant,restaurant_000232,Restaurant 232,Location 232
restaurant_000233,Restaurant,restaurant_000233,Restaurant 233,Location 233
restaurant_000234,Restaurant,restaurant_000234,Restaurant 234,Location 234
restaurant_000235,Restaurant,restaurant_000235,Restaurant 235,Location 235
restaurant_000236,Restaurant,restaurant_000236,Restaurant 236,Location 236
restaurant_000237,Restaurant,restaurant_000237,Restaurant 237,Location 237
restaurant_000238,Restaurant,restaurant_000238,Restaurant 238,Location 238
restaurant_000239,Restaurant,restaurant_000239,Restaurant 239,Location 239
restaurant_000240,Restaurant,restaurant_000240,Restaurant 240,Location 240
restaurant_000241,Restaurant,restaurant_000241,Restaurant 241,Location 241
restaurant_000242,Restaurant,restaurant_000242,Restaurant 242,Location 242
restaurant_000243,Restaurant,restaurant_000243,Restaurant 243,Location 243
restaurant_000244,Restaurant,restaurant_000244,Restaurant 244,Location 244
restaurant_000245,Restaurant,restaurant_000245,Restaurant 245,Location 245
restaurant_000246,Restaurant,restaurant_000246,Restaurant 246,Location 246
restaurant_000247,Restaurant,restaurant_000247,Restaurant 247,Location 247
restaurant_000248,Restaurant,restaurant_000248,Restaurant 248,Location 248
restaurant_000249,Restaurant,restaurant_000249,Restaurant 249,Location 249
restaurant_000250,Restaurant,restaurant_000250,Restaurant 250,Location 250
restaurant_000251,Restaurant,restaurant_000251,Restaurant 251,Location 251
restaurant_000252,Restaurant,restaurant_000252,Restaurant 252,Location 252
restaurant_000253,Restaurant,restaurant_000253,Restaurant 253,Location 253
restaurant_000254,Restaurant,restaurant_000254,Restaurant 254,Location 254
restaurant_000255,Restaurant,restaurant_000255,Restaurant 255,Location 255
restaurant_000256,Restaurant,restaurant_000256,Restaurant 256,Location 256
restaurant_000257,Restaurant,restaurant_000257,Restaurant 257,Location 257
restaurant_000258,Restaurant,restaurant_000258,Restaurant 258,Location 258
restaurant_000259,Restaurant,restaurant_000259,Restaurant 259,Location 259
restaurant_000260,Restaurant,restaurant_000260,Restaurant 260,Location 260
restaurant_000261,Restaurant,restaurant_000261,Restaurant 261,Location 261
restaurant_000262,Restaurant,restaurant_000262,Restaurant 262,Location 262
restaurant_000263,Restaurant,restaurant_000263,Restaurant 263,Location 263
restaurant_000264,Restaurant,restaurant_000264,Restaurant 264,Location 264
restaurant_000265,Restaurant,restaurant_000265,Restaurant 265,Location 265
restaurant_000266,Restaurant,restaurant_000266,Restaurant 266,Location 266
restaurant_000267,Restaurant,restaurant_000267,Restaurant 267,Location 267
restaurant_000268,Restaurant,restaurant_000268,Restaurant 268,Location 268
restaurant_000269,Restaurant,restaurant_000269,Restaurant 269,Location 269
restaurant_000270,Restaurant,restaurant_000270,Restaurant 270,Location 270
restaurant_000271,Restaurant,restaurant_000271,Restaurant 271,Location 271
restaurant_000272,Restaurant,restaurant_000272,Restaurant 272,Location 272
restaurant_000273,Restaurant,restaurant_000273,Restaurant 273,Location 273
restaurant_000274,Restaurant,restaurant_000274,Restaurant 274,Location 274
restaurant_000275,Restaurant,restaurant_000275,Restaurant 275,Location 275
restaurant_000276,Restaurant,restaurant_000276,Restaurant 276,Location 276
restaurant_000277,Restaurant,restaurant_000277,Restaurant 277,Location 277
restaurant_000278,Restaurant,restaurant_000278,Restaurant 278,Location 278
restaurant_000279,Restaurant,restaurant_000279,Restaurant 279,Location 279
restaurant_000280,Restaurant,restaurant_000280,Restaurant 280,Location 280
restaurant_000281,Restaurant,restaurant_000281,Restaurant 281,Location 281
restaurant_000282,Restaurant,restaurant_000282,Restaurant 282,Location 282
restaurant_000283,Restaurant,restaurant_000283,Restaurant 283,Location 283
restaurant_000284,Restaurant,restaurant_000284,Restaurant 284,Location 284
restaurant_000285,Restaurant,restaurant_000285,Restaurant 285,Location 285
restaurant_000286,Restaurant,restaurant_000286,Restaurant 286,Location 286
restaurant_000287,Restaurant,restaurant_000287,Restaurant 287,Location 287
restaurant_000288,Restaurant,restaurant_000288,Restaurant 288,Location 288
restaurant_000289,Restaurant,restaurant_000289,Restaurant 289,Location 289
restaurant_000290,Restaurant,restaurant_000290,Restaurant 290,Location 290
restaurant_000291,Restaurant,restaurant_000291,Restaurant 291,Location 291
restaurant_000292,Restaurant,restaurant_000292,Restaurant 292,Location 292
restaurant_000293,Restaurant,restaurant_000293,Restaurant 293,Location 293
restaurant_000294,Restaurant,restaurant_000294,Restaurant 294,Location 294
restaurant_000295,Restaurant,restaurant_000295,Restaurant 295,Location 295
restaurant_000296,Restaurant,restaurant_000296,Restaurant 296,Location 296
restaurant_000297,Restaurant,restaurant_000297,Restaurant 297,Location 297
restaurant_000298,Restaurant,restaurant_000298,Restaurant 298,Location 298
restaurant_000299,Restaurant,restaurant_000299,Restaurant 299,Location 299
restaurant_000300,Restaurant,restaurant_000300,Restaurant 300,Location 300
restaurant_000301,Restaurant,restaurant_000301,Restaurant 301,Location 301
restaurant_000302,Restaurant,restaurant_000302,Restaurant 302,Location 302
restaurant_000303,Restaurant,restaurant_000303,Restaurant 303,Location 303
restaurant_000304,Restaurant,restaurant_000304,Restaurant 304,Location 304
restaurant_000305,Restaurant,restaurant_000305,Restaurant 305,Location 305
restaurant_000306,Restaurant,restaurant_000306,Restaurant 306,Location 306
restaurant_000307,Restaurant,restaurant_000307,Restaurant 307,Location 307
restaurant_000308,Restaurant,restaurant_000308,Restaurant 308,Location 308
restaurant_000309,Restaurant,restaurant_000309,Restaurant 309,Location 309
restaurant_000310,Restaurant,restaurant_000310,Restaurant 310,Location 310
restaurant_000311,Restaurant,restaurant_000311,Restaurant 311,Location 311
restaurant_000312,Restaurant,restaurant_000312,Restaurant 312,Location 312
restaurant_000313,Restaurant,restaurant_000313,Restaurant 313,Location 313
restaurant_000314,Restaurant,restaurant_000314,Restaurant 314,Location 314
restaurant_000315,Restaurant,restaurant_000315,Restaurant 315,Location 315
restaurant_000316,Restaurant,restaurant_000316,Restaurant 316,Location 316
restaurant_000317,Restaurant,restaurant_000317,Restaurant 317,Location 317
restaurant_000318,Restaurant,restaurant_000318,Restaurant 318,Location 318
restaurant_000319,Restaurant,restaurant_000319,Restaurant 319,Location 319
restaurant_000320,Restaurant,restaurant_000320,Restaurant 320,Location 320
restaurant_000321,Restaurant,restaurant_000321,Restaurant 321,Location 321
restaurant_000322,Restaurant,restaurant_000322,Restaurant 322,Location 322
restaurant_000323,Restaurant,restaurant_000323,Restaurant 323,Location 323
restaurant_000324,Restaurant,restaurant_000324,Restaurant 324,Location 324
restaurant_000325,Restaurant,restaurant_000325,Restaurant 325,Location 325
restaurant_000326,Restaurant,restaurant_000326,Restaurant 326,Location 326
restaurant_000327,Restaurant,restaurant_000327,Restaurant 327,Location 327
restaurant_000328,Restaurant,restaurant_000328,Restaurant 328,Location 328
restaurant_000329,Restaurant,restaurant_000329,Restaurant 329,Location 329
restaurant_000330,Restaurant,restaurant_000330,Restaurant 330,Location 330
restaurant_000331,Restaurant,restaurant_000331,Restaurant 331,Location 331
restaurant_000332,Restaurant,restaurant_000332,Restaurant 332,Location 332
restaurant_000333,Restaurant,restaurant_000333,Restaurant 333,Location 333
restaurant_000334,Restaurant,restaurant_000334,Restaurant 334,Location 334
restaurant_000335,Restaurant,restaurant_000335,Restaurant 335,Location 335
restaurant_000336,Restaurant,restaurant_000336,Restaurant 336,Location 336
restaurant_000337,Restaurant,restaurant_000337,Restaurant 337,Location 337
restaurant_000338,Restaurant,restaurant_000338,Restaurant 338,Location 338
restaurant_000339,Restaurant,restaurant_000339,Restaurant 339,Location 339
restaurant_000340,Restaurant,restaurant_000340,Restaurant 340,Location 340
restaurant_000341,Restaurant,restaurant_000341,Restaurant 341,Location 341
restaurant_000342,Restaurant,restaurant_000342,Restaurant 342,Location 342
restaurant_000343,Restaurant,restaurant_000343,Restaurant 343,Location 343
restaurant_000344,Restaurant,restaurant_000344,Restaurant 344,Location 344
restaurant_000345,Restaurant,restaurant_000345,Restaurant 345,Location 345
restaurant_000346,Restaurant,restaurant_000346,Restaurant 346,Location 346
restaurant_000347,Restaurant,restaurant_000347,Restaurant 347,Location 347
restaurant_000348,Restaurant,restaurant_000348,Restaurant 348,Location 348
restaurant_000349,Restaurant,restaurant_000349,Restaurant 349,Location 349
restaurant_000350,Restaurant,restaurant_000350,Restaurant 350,Location 350
restaurant_000351,Restaurant,restaurant_000351,Restaurant 351,Location 351
restaurant_000352,Restaurant,restaurant_000352,Restaurant 352,Location 352
restaurant_000353,Restaurant,restaurant_000353,Restaurant 353,Location 353
restaurant_000354,Restaurant,restaurant_000354,Restaurant 354,Location 354
restaurant_000355,Restaurant,restaurant_000355,Restaurant 355,Location 355
restaurant_000356,Restaurant,restaurant_000356,Restaurant 356,Location 356
restaurant_000357,Restaurant,restaurant_000357,Restaurant 357,Location 357
restaurant_000358,Restaurant,restaurant_000358,Restaurant 358,Location 358
restaurant_000359,Restaurant,restaurant_000359,Restaurant 359,Location 359
restaurant_000360,Restaurant,restaurant_000360,Restaurant 360,Location 360
restaurant_000361,Restaurant,restaurant_000361,Restaurant 361,Location 361
restaurant_000362,Restaurant,restaurant_000362,Restaurant 362,Location 362
restaurant_000363,Restaurant,restaurant_000363,Restaurant 363,Location 363
restaurant_000364,Restaurant,restaurant_000364,Restaurant 364,Location 364
restaurant_000365,Restaurant,restaurant_000365,Restaurant 365,Location 365
restaurant_000366,Restaurant,restaurant_000366,Restaurant 366,Location 366
restaurant_000367,Restaurant,restaurant_000367,Restaurant 367,Location 367
restaurant_000368,Restaurant,restaurant_000368,Restaurant 368,Location 368
restaurant_000369,Restaurant,restaurant_000369,Restaurant 369,Location 369
restaurant_000370,Restaurant,restaurant_000370,Restaurant 370,Location 370
restaurant_000371,Restaurant,restaurant_000371,Restaurant 371,Location 371
restaurant_000372,Restaurant,restaurant_000372,Restaurant 372,Location 372
restaurant_000373,Restaurant,restaurant_000373,Restaurant 373,Location 373
restaurant_000374,Restaurant,restaurant_000374,Restaurant 374,Location 374
restaurant_000375,Restaurant,restaurant_000375,Restaurant 375,Location 375
restaurant_000376,Restaurant,restaurant_000376,Restaurant 376,Location 376
restaurant_000377,Restaurant,restaurant_000377,Restaurant 377,Location 377
restaurant_000378,Restaurant,restaurant_000378,Restaurant 378,Location 378
restaurant_000379,Restaurant,restaurant_000379,Restaurant 379,Location 379
restaurant_000380,Restaurant,restaurant_000380,Restaurant 380,Location 380
restaurant_000381,Restaurant,restaurant_000381,Restaurant 381,Location 381
restaurant_000382,Restaurant,restaurant_000382,Restaurant 382,Location 382
restaurant_000383,Restaurant,restaurant_000383,Restaurant 383,Location 383
restaurant_000384,Restaurant,restaurant_000384,Restaurant 384,Location 384
restaurant_000385,Restaurant,restaurant_000385,Restaurant 385,Location 385
restaurant_000386,Restaurant,restaurant_000386,Restaurant 386,Location 386
restaurant_000387,Restaurant,restaurant_000387,Restaurant 387,Location 387
restaurant_000388,Restaurant,restaurant_000388,Restaurant 388,Location 388
restaurant_000389,Restaurant,restaurant_000389,Restaurant 389,Location 389
restaurant_000390,Restaurant,restaurant_000390,Restaurant 390,Location 390
restaurant_000391,Restaurant,restaurant_000391,Restaurant 391,Location 391
restaurant_000392,Restaurant,restaurant_000392,Restaurant 392,Location 392
restaurant_000393,Restaurant,restaurant_000393,Restaurant 393,Location 393
restaurant_000394,Restaurant,restaurant_000394,Restaurant 394,Location 394
restaurant_000395,Restaurant,restaurant_000395,Restaurant 395,Location 395
restaurant_000396,Restaurant,restaurant_000396,Restaurant 396,Location 396
restaurant_000397,Restaurant,restaurant_000397,Restaurant 397,Location 397
restaurant_000398,Restaurant,restaurant_000398,Restaurant 398,Location 398
restaurant_000399,Restaurant,restaurant_000399,Restaurant 399,Location 399
restaurant_000400,Restaurant,restaurant_000400,Restaurant 400,Location 400
restaurant_000401,Restaurant,restaurant_000401,Restaurant 401,Location 401
restaurant_000402,Restaurant,restaurant_000402,Restaurant 402,Location 402
restaurant_000403,Restaurant,restaurant_000403,Restaurant 403,Location 403
restaurant_000404,Restaurant,restaurant_000404,Restaurant 404,Location 404
restaurant_000405,Restaurant,restaurant_000405,Restaurant 405,Location 405
restaurant_000406,Restaurant,restaurant_000406,Restaurant 406,Location 406
restaurant_000407,Restaurant,restaurant_000407,Restaurant 407,Location 407
restaurant_000408,Restaurant,restaurant_000408,Restaurant 408,Location 408
restaurant_000409,Restaurant,restaurant_000409,Restaurant 409,Location 409
restaurant_000410,Restaurant,restaurant_000410,Restaurant 410,Location 410
restaurant_000411,Restaurant,restaurant_000411,Restaurant 411,Location 411
restaurant_000412,Restaurant,restaurant_000412,Restaurant 412,Location 412
restaurant_000413,Restaurant,restaurant_000413,Restaurant 413,Location 413
restaurant_000414,Restaurant,restaurant_000414,Restaurant 414,Location 414
restaurant_000415,Restaurant,restaurant_000415,Restaurant 415,Location 415
restaurant_000416,Restaurant,restaurant_000416,Restaurant 416,Location 416
restaurant_000417,Restaurant,restaurant_000417,Restaurant 417,Location 417
restaurant_000418,Restaurant,restaurant_000418,Restaurant 418,Location 418
restaurant_000419,Restaurant,restaurant_000419,Restaurant 419,Location 419
restaurant_000420,Restaurant,restaurant_000420,Restaurant 420,Location 420
restaurant_000421,Restaurant,restaurant_000421,Restaurant 421,Location 421
restaurant_000422,Restaurant,restaurant_000422,Restaurant 422,Location 422
restaurant_000423,Restaurant,restaurant_000423,Restaurant 423,Location 423
restaurant_000424,Restaurant,restaurant_000424,Restaurant 424,Location 424
restaurant_000425,Restaurant,restaurant_000425,Restaurant 425,Location 425
restaurant_000426,Restaurant,restaurant_000426,Restaurant 426,Location 426
restaurant_000427,Restaurant,restaurant_000427,Restaurant 427,Location 427
restaurant_000428,Restaurant,restaurant_000428,Restaurant 428,Location 428
restaurant_000429,Restaurant,restaurant_000429,Restaurant 429,Location 429
restaurant_000430,Restaurant,restaurant_000430,Restaurant 430,Location 430
restaurant_000431,Restaurant,restaurant_000431,Restaurant 431,Location 431
restaurant_000432,Restaurant,restaurant_000432,Restaurant 432,Location 432
restaurant_000433,Restaurant,restaurant_000433,Restaurant 433,Location 433
restaurant_000434,Restaurant,restaurant_000434,Restaurant 434,Location 434
restaurant_000435,Restaurant,restaurant_000435,Restaurant 435,Location 435
restaurant_000436,Restaurant,restaurant_000436,Restaurant 436,Location 436
restaurant_000437,Restaurant,restaurant_000437,Restaurant 437,Location 437
restaurant_000438,Restaurant,restaurant_000438,Restaurant 438,Location 438
restaurant_000439,Restaurant,restaurant_000439,Restaurant 439,Location 439
restaurant_000440,Restaurant,restaurant_000440,Restaurant 440,Location 440
restaurant_000441,Restaurant,restaurant_000441,Restaurant 441,Location 441
restaurant_000442,Restaurant,restaurant_000442,Restaurant 442,Location 442
restaurant_000443,Restaurant,restaurant_000443,Restaurant 443,Location 443
restaurant_000444,Restaurant,restaurant_000444,Restaurant 444,Location 444
restaurant_000445,Restaurant,restaurant_000445,Restaurant 445,Location 445
restaurant_000446,Restaurant,restaurant_000446,Restaurant 446,Location 446
restaurant_000447,Restaurant,restaurant_000447,Restaurant 447,Location 447
restaurant_000448,Restaurant,restaurant_000448,Restaurant 448,Location 448
restaurant_000449,Restaurant,restaurant_000449,Restaurant 449,Location 449
restaurant_000450,Restaurant,restaurant_000450,Restaurant 450,Location 450
restaurant_000451,Restaurant,restaurant_000451,Restaurant 451,Location 451
restaurant_000452,Restaurant,restaurant_000452,Restaurant 452,Location 452
restaurant_000453,Restaurant,restaurant_000453,Restaurant 453,Location 453
restaurant_000454,Restaurant,restaurant_000454,Restaurant 454,Location 454
restaurant_000455,Restaurant,restaurant_000455,Restaurant 455,Location 455
restaurant_000456,Restaurant,restaurant_000456,Restaurant 456,Location 456
restaurant_000457,Restaurant,restaurant_000457,Restaurant 457,Location 457
restaurant_000458,Restaurant,restaurant_000458,Restaurant 458,Location 458
restaurant_000459,Restaurant,restaurant_000459,Restaurant 459,Location 459
restaurant_000460,Restaurant,restaurant_000460,Restaurant 460,Location 460
restaurant_000461,Restaurant,restaurant_000461,Restaurant 461,Location 461
restaurant_000462,Restaurant,restaurant_000462,Restaurant 462,Location 462
restaurant_000463,Restaurant,restaurant_000463,Restaurant 463,Location 463
restaurant_000464,Restaurant,restaurant_000464,Restaurant 464,Location 464
restaurant_000465,Restaurant,restaurant_000465,Restaurant 465,Location 465
restaurant_000466,Restaurant,restaurant_000466,Restaurant 466,Location 466
restaurant_000467,Restaurant,restaurant_000467,Restaurant 467,Location 467
restaurant_000468,Restaurant,restaurant_000468,Restaurant 468,Location 468
restaurant_000469,Restaurant,restaurant_000469,Restaurant 469,Location 469
restaurant_000470,Restaurant,restaurant_000470,Restaurant 470,Location 470
restaurant_000471,Restaurant,restaurant_000471,Restaurant 471,Location 471
restaurant_000472,Restaurant,restaurant_000472,Restaurant 472,Location 472
restaurant_000473,Restaurant,restaurant_000473,Restaurant 473,Location 473
restaurant_000474,Restaurant,restaurant_000474,Restaurant 474,Location 474
restaurant_000475,Restaurant,restaurant_000475,Restaurant 475,Location 475
restaurant_000476,Restaurant,restaurant_000476,Restaurant 476,Location 476
restaurant_000477,Restaurant,restaurant_000477,Restaurant 477,Location 477
restaurant_000478,Restaurant,restaurant_000478,Restaurant 478,Location 478
restaurant_000479,Restaurant,restaurant_000479,Restaurant 479,Location 479
restaurant_000480,Restaurant,restaurant_000480,Restaurant 480,Location 480
restaurant_000481,Restaurant,restaurant_000481,Restaurant 481,Location 481
restaurant_000482,Restaurant,restaurant_000482,Restaurant 482,Location 482
restaurant_000483,Restaurant,restaurant_000483,Restaurant 483,Location 483
restaurant_000484,Restaurant,restaurant_000484,Restaurant 484,Location 484
restaurant_000485,Restaurant,restaurant_000485,Restaurant 485,Location 485
restaurant_000486,Restaurant,restaurant_000486,Restaurant 486,Location 486
restaurant_000487,Restaurant,restaurant_000487,Restaurant 487,Location 487
restaurant_000488,Restaurant,restaurant_000488,Restaurant 488,Location 488
restaurant_000489,Restaurant,restaurant_000489,Restaurant 489,Location 489
restaurant_000490,Restaurant,restaurant_000490,Restaurant 490,Location 490
restaurant_000491,Restaurant,restaurant_000491,Restaurant 491,Location 491
restaurant_000492,Restaurant,restaurant_000492,Restaurant 492,Location 492
restaurant_000493,Restaurant,restaurant_000493,Restaurant 493,Location 493
restaurant_000494,Restaurant,restaurant_000494,Restaurant 494,Location 494
restaurant_000495,Restaurant,restaurant_000495,Restaurant 495,Location 495
restaurant_000496,Restaurant,restaurant_000496,Restaurant 496,Location 496
restaurant_000497,Restaurant,restaurant_000497,Restaurant 497,Location 497
restaurant_000498,Restaurant,restaurant_000498,Restaurant 498,Location 498
restaurant_000499,Restaurant,restaurant_000499,Restaurant 499,Location 499
restaurant_000500,Restaurant,restaurant_000500,Restaurant 500,Location 500
restaurant_000501,Restaurant,restaurant_000501,Restaurant 501,Location 501
restaurant_000502,Restaurant,restaurant_000502,Restaurant 502,Location 502
restaurant_000503,Restaurant,restaurant_000503,Restaurant 503,Location 503
restaurant_000504,Restaurant,restaurant_000504,Restaurant 504,Location 504
restaurant_000505,Restaurant,restaurant_000505,Restaurant 505,Location 505
restaurant_000506,Restaurant,restaurant_000506,Restaurant 506,Location 506
restaurant_000507,Restaurant,restaurant_000507,Restaurant 507,Location 507
restaurant_000508,Restaurant,restaurant_000508,Restaurant 508,Location 508
restaurant_000509,Restaurant,restaurant_000509,Restaurant 509,Location 509
restaurant_000510,Restaurant,restaurant_000510,Restaurant 510,Location 510
restaurant_000511,Restaurant,restaurant_000511,Restaurant 511,Location 511
restaurant_000512,Restaurant,restaurant_000512,Restaurant 512,Location 512
restaurant_000513,Restaurant,restaurant_000513,Restaurant 513,Location 513
restaurant_000514,Restaurant,restaurant_000514,Restaurant 514,Location 514
restaurant_000515,Restaurant,restaurant_000515,Restaurant 515,Location 515
restaurant_000516,Restaurant,restaurant_000516,Restaurant 516,Location 516
restaurant_000517,Restaurant,restaurant_000517,Restaurant 517,Location 517
restaurant_000518,Restaurant,restaurant_000518,Restaurant 518,Location 518
restaurant_000519,Restaurant,restaurant_000519,Restaurant 519,Location 519
restaurant_000520,Restaurant,restaurant_000520,Restaurant 520,Location 520
restaurant_000521,Restaurant,restaurant_000521,Restaurant 521,Location 521
restaurant_000522,Restaurant,restaurant_000522,Restaurant 522,Location 522
restaurant_000523,Restaurant,restaurant_000523,Restaurant 523,Location 523
restaurant_000524,Restaurant,restaurant_000524,Restaurant 524,Location 524
restaurant_000525,Restaurant,restaurant_000525,Restaurant 525,Location 525
restaurant_000526,Restaurant,restaurant_000526,Restaurant 526,Location 526
restaurant_000527,Restaurant,restaurant_000527,Restaurant 527,Location 527
restaurant_000528,Restaurant,restaurant_000528,Restaurant 528,Location 528
restaurant_000529,Restaurant,restaurant_000529,Restaurant 529,Location 529
restaurant_000530,Restaurant,restaurant_000530,Restaurant 530,Location 530
restaurant_000531,Restaurant,restaurant_000531,Restaurant 531,Location 531
restaurant_000532,Restaurant,restaurant_000532,Restaurant 532,Location 532
restaurant_000533,Restaurant,restaurant_000533,Restaurant 533,Location 533
restaurant_000534,Restaurant,restaurant_000534,Restaurant 534,Location 534
restaurant_000535,Restaurant,restaurant_000535,Restaurant 535,Location 535
restaurant_000536,Restaurant,restaurant_000536,Restaurant 536,Location 536
restaurant_000537,Restaurant,restaurant_000537,Restaurant 537,Location 537
restaurant_000538,Restaurant,restaurant_000538,Restaurant 538,Location 538
restaurant_000539,Restaurant,restaurant_000539,Restaurant 539,Location 539
restaurant_000540,Restaurant,restaurant_000540,Restaurant 540,Location 540
restaurant_000541,Restaurant,restaurant_000541,Restaurant 541,Location 541
restaurant_000542,Restaurant,restaurant_000542,Restaurant 542,Location 542
restaurant_000543,Restaurant,restaurant_000543,Restaurant 543,Location 543
restaurant_000544,Restaurant,restaurant_000544,Restaurant 544,Location 544
restaurant_000545,Restaurant,restaurant_000545,Restaurant 545,Location 545
restaurant_000546,Restaurant,restaurant_000546,Restaurant 546,Location 546
restaurant_000547,Restaurant,restaurant_000547,Restaurant 547,Location 547
restaurant_000548,Restaurant,restaurant_000548,Restaurant 548,Location 548
restaurant_000549,Restaurant,restaurant_000549,Restaurant 549,Location 549
restaurant_000550,Restaurant,restaurant_000550,Restaurant 550,Location 550
restaurant_000551,Restaurant,restaurant_000551,Restaurant 551,Location 551
restaurant_000552,Restaurant,restaurant_000552,Restaurant 552,Location 552
restaurant_000553,Restaurant,restaurant_000553,Restaurant 553,Location 553
restaurant_000554,Restaurant,restaurant_000554,Restaurant 554,Location 554
restaurant_000555,Restaurant,restaurant_000555,Restaurant 555,Location 555
restaurant_000556,Restaurant,restaurant_000556,Restaurant 556,Location 556
restaurant_000557,Restaurant,restaurant_000557,Restaurant 557,Location 557
restaurant_000558,Restaurant,restaurant_000558,Restaurant 558,Location 558
restaurant_000559,Restaurant,restaurant_000559,Restaurant 559,Location 559
restaurant_000560,Restaurant,restaurant_000560,Restaurant 560,Location 560
restaurant_000561,Restaurant,restaurant_000561,Restaurant 561,Location 561
restaurant_000562,Restaurant,restaurant_000562,Restaurant 562,Location 562
restaurant_000563,Restaurant,restaurant_000563,Restaurant 563,Location 563
restaurant_000564,Restaurant,restaurant_000564,Restaurant 564,Location 564
restaurant_000565,Restaurant,restaurant_000565,Restaurant 565,Location 565
restaurant_000566,Restaurant,restaurant_000566,Restaurant 566,Location 566
restaurant_000567,Restaurant,restaurant_000567,Restaurant 567,Location 567
restaurant_000568,Restaurant,restaurant_000568,Restaurant 568,Location 568
restaurant_000569,Restaurant,restaurant_000569,Restaurant 569,Location 569
restaurant_000570,Restaurant,restaurant_000570,Restaurant 570,Location 570
restaurant_000571,Restaurant,restaurant_000571,Restaurant 571,Location 571
restaurant_000572,Restaurant,restaurant_000572,Restaurant 572,Location 572
restaurant_000573,Restaurant,restaurant_000573,Restaurant 573,Location 573
restaurant_000574,Restaurant,restaurant_000574,Restaurant 574,Location 574
restaurant_000575,Restaurant,restaurant_000575,Restaurant 575,Location 575
restaurant_000576,Restaurant,restaurant_000576,Restaurant 576,Location 576
restaurant_000577,Restaurant,restaurant_000577,Restaurant 577,Location 577
restaurant_000578,Restaurant,restaurant_000578,Restaurant 578,Location 578
restaurant_000579,Restaurant,restaurant_000579,Restaurant 579,Location 579
restaurant_000580,Restaurant,restaurant_000580,Restaurant 580,Location 580
restaurant_000581,Restaurant,restaurant_000581,Restaurant 581,Location 581
restaurant_000582,Restaurant,restaurant_000582,Restaurant 582,Location 582
restaurant_000583,Restaurant,restaurant_000583,Restaurant 583,Location 583
restaurant_000584,Restaurant,restaurant_000584,Restaurant 584,Location 584
restaurant_000585,Restaurant,restaurant_000585,Restaurant 585,Location 585
restaurant_000586,Restaurant,restaurant_000586,Restaurant 586,Location 586
restaurant_000587,Restaurant,restaurant_000587,Restaurant 587,Location 587
restaurant_000588,Restaurant,restaurant_000588,Restaurant 588,Location 588
restaurant_000589,Restaurant,restaurant_000589,Restaurant 589,Location 589
restaurant_000590,Restaurant,restaurant_000590,Restaurant 590,Location 590
restaurant_000591,Restaurant,restaurant_000591,Restaurant 591,Location 591
restaurant_000592,Restaurant,restaurant_000592,Restaurant 592,Location 592
restaurant_000593,Restaurant,restaurant_000593,Restaurant 593,Location 593
restaurant_000594,Restaurant,restaurant_000594,Restaurant 594,Location 594
restaurant_000595,Restaurant,restaurant_000595,Restaurant 595,Location 595
restaurant_000596,Restaurant,restaurant_000596,Restaurant 596,Location 596
restaurant_000597,Restaurant,restaurant_000597,Restaurant 597,Location 597
restaurant_000598,Restaurant,restaurant_000598,Restaurant 598,Location 598
restaurant_000599,Restaurant,restaurant_000599,Restaurant 599,Location 599
restaurant_000600,Restaurant,restaurant_000600,Restaurant 600,Location 600
restaurant_000601,Restaurant,restaurant_000601,Restaurant 601,Location 601
restaurant_000602,Restaurant,restaurant_000602,Restaurant 602,Location 602
restaurant_000603,Restaurant,restaurant_000603,Restaurant 603,Location 603
restaurant_000604,Restaurant,restaurant_000604,Restaurant 604,Location 604
restaurant_000605,Restaurant,restaurant_000605,Restaurant 605,Location 605
restaurant_000606,Restaurant,restaurant_000606,Restaurant 606,Location 606
restaurant_000607,Restaurant,restaurant_000607,Restaurant 607,Location 607
restaurant_000608,Restaurant,restaurant_000608,Restaurant 608,Location 608
restaurant_000609,Restaurant,restaurant_000609,Restaurant 609,Location 609
restaurant_000610,Restaurant,restaurant_000610,Restaurant 610,Location 610
restaurant_000611,Restaurant,restaurant_000611,Restaurant 611,Location 611
restaurant_000612,Restaurant,restaurant_000612,Restaurant 612,Location 612
restaurant_000613,Restaurant,restaurant_000613,Restaurant 613,Location 613
restaurant_000614,Restaurant,restaurant_000614,Restaurant 614,Location 614
restaurant_000615,Restaurant,restaurant_000615,Restaurant 615,Location 615
restaurant_000616,Restaurant,restaurant_000616,Restaurant 616,Location 616
restaurant_000617,Restaurant,restaurant_000617,Restaurant 617,Location 617
restaurant_000618,Restaurant,restaurant_000618,Restaurant 618,Location 618
restaurant_000619,Restaurant,restaurant_000619,Restaurant 619,Location 619
restaurant_000620,Restaurant,restaurant_000620,Restaurant 620,Location 620
restaurant_000621,Restaurant,restaurant_000621,Restaurant 621,Location 621
restaurant_000622,Restaurant,restaurant_000622,Restaurant 622,Location 622
restaurant_000623,Restaurant,restaurant_000623,Restaurant 623,Location 623
restaurant_000624,Restaurant,restaurant_000624,Restaurant 624,Location 624
restaurant_000625,Restaurant,restaurant_000625,Restaurant 625,Location 625
restaurant_000626,Restaurant,restaurant_000626,Restaurant 626,Location 626
restaurant_000627,Restaurant,restaurant_000627,Restaurant 627,Location 627
restaurant_000628,Restaurant,restaurant_000628,Restaurant 628,Location 628
restaurant_000629,Restaurant,restaurant_000629,Restaurant 629,Location 629
restaurant_000630,Restaurant,restaurant_000630,Restaurant 630,Location 630
restaurant_000631,Restaurant,restaurant_000631,Restaurant 631,Location 631
restaurant_000632,Restaurant,restaurant_000632,Restaurant 632,Location 632
restaurant_000633,Restaurant,restaurant_000633,Restaurant 633,Location 633
restaurant_000634,Restaurant,restaurant_000634,Restaurant 634,Location 634
restaurant_000635,Restaurant,restaurant_000635,Restaurant 635,Location 635
restaurant_000636,Restaurant,restaurant_000636,Restaurant 636,Location 636
restaurant_000637,Restaurant,restaurant_000637,Restaurant 637,Location 637
restaurant_000638,Restaurant,restaurant_000638,Restaurant 638,Location 638
restaurant_000639,Restaurant,restaurant_000639,Restaurant 639,Location 639
restaurant_000640,Restaurant,restaurant_000640,Restaurant 640,Location 640
restaurant_000641,Restaurant,restaurant_000641,Restaurant 641,Location 641
restaurant_000642,Restaurant,restaurant_000642,Restaurant 642,Location 642
restaurant_000643,Restaurant,restaurant_000643,Restaurant 643,Location 643
restaurant_000644,Restaurant,restaurant_000644,Restaurant 644,Location 644
restaurant_000645,Restaurant,restaurant_000645,Restaurant 645,Location 645
restaurant_000646,Restaurant,restaurant_000646,Restaurant 646,Location 646
restaurant_000647,Restaurant,restaurant_000647,Restaurant 647,Location 647
restaurant_000648,Restaurant,restaurant_000648,Restaurant 648,Location 648
restaurant_000649,Restaurant,restaurant_000649,Restaurant 649,Location 649
restaurant_000650,Restaurant,restaurant_000650,Restaurant 650,Location 650
restaurant_000651,Restaurant,restaurant_000651,Restaurant 651,Location 651
restaurant_000652,Restaurant,restaurant_000652,Restaurant 652,Location 652
restaurant_000653,Restaurant,restaurant_000653,Restaurant 653,Location 653
restaurant_000654,Restaurant,restaurant_000654,Restaurant 654,Location 654
restaurant_000655,Restaurant,restaurant_000655,Restaurant 655,Location 655
restaurant_000656,Restaurant,restaurant_000656,Restaurant 656,Location 656
restaurant_000657,Restaurant,restaurant_000657,Restaurant 657,Location 657
restaurant_000658,Restaurant,restaurant_000658,Restaurant 658,Location 658
restaurant_000659,Restaurant,restaurant_000659,Restaurant 659,Location 659
restaurant_000660,Restaurant,restaurant_000660,Restaurant 660,Location 660
restaurant_000661,Restaurant,restaurant_000661,Restaurant 661,Location 661
restaurant_000662,Restaurant,restaurant_000662,Restaurant 662,Location 662
restaurant_000663,Restaurant,restaurant_000663,Restaurant 663,Location 663
restaurant_000664,Restaurant,restaurant_000664,Restaurant 664,Location 664
restaurant_000665,Restaurant,restaurant_000665,Restaurant 665,Location 665
restaurant_000666,Restaurant,restaurant_000666,Restaurant 666,Location 666
restaurant_000667,Restaurant,restaurant_000667,Restaurant 667,Location 667
restaurant_000668,Restaurant,restaurant_000668,Restaurant 668,Location 668
restaurant_000669,Restaurant,restaurant_000669,Restaurant 669,Location 669
restaurant_000670,Restaurant,restaurant_000670,Restaurant 670,Location 670
restaurant_000671,Restaurant,restaurant_000671,Restaurant 671,Location 671
restaurant_000672,Restaurant,restaurant_000672,Restaurant 672,Location 672
restaurant_000673,Restaurant,restaurant_000673,Restaurant 673,Location 673
restaurant_000674,Restaurant,restaurant_000674,Restaurant 674,Location 674
restaurant_000675,Restaurant,restaurant_000675,Restaurant 675,Location 675
restaurant_000676,Restaurant,restaurant_000676,Restaurant 676,Location 676
restaurant_000677,Restaurant,restaurant_000677,Restaurant 677,Location 677
restaurant_000678,Restaurant,restaurant_000678,Restaurant 678,Location 678
restaurant_000679,Restaurant,restaurant_000679,Restaurant 679,Location 679
restaurant_000680,Restaurant,restaurant_000680,Restaurant 680,Location 680
restaurant_000681,Restaurant,restaurant_000681,Restaurant 681,Location 681
restaurant_000682,Restaurant,restaurant_000682,Restaurant 682,Location 682
restaurant_000683,Restaurant,restaurant_000683,Restaurant 683,Location 683
restaurant_000684,Restaurant,restaurant_000684,Restaurant 684,Location 684
restaurant_000685,Restaurant,restaurant_000685,Restaurant 685,Location 685
restaurant_000686,Restaurant,restaurant_000686,Restaurant 686,Location 686
restaurant_000687,Restaurant,restaurant_000687,Restaurant 687,Location 687
restaurant_000688,Restaurant,restaurant_000688,Restaurant 688,Location 688
restaurant_000689,Restaurant,restaurant_000689,Restaurant 689,Location 689
restaurant_000690,Restaurant,restaurant_000690,Restaurant 690,Location 690
restaurant_000691,Restaurant,restaurant_000691,Restaurant 691,Location 691
restaurant_000692,Restaurant,restaurant_000692,Restaurant 692,Location 692
restaurant_000693,Restaurant,restaurant_000693,Restaurant 693,Location 693
restaurant_000694,Restaurant,restaurant_000694,Restaurant 694,Location 694
restaurant_000695,Restaurant,restaurant_000695,Restaurant 695,Location 695
restaurant_000696,Restaurant,restaurant_000696,Restaurant 696,Location 696
restaurant_000697,Restaurant,restaurant_000697,Restaurant 697,Location 697
restaurant_000698,Restaurant,restaurant_000698,Restaurant 698,Location 698
restaurant_000699,Restaurant,restaurant_000699,Restaurant 699,Location 699
restaurant_000700,Restaurant,restaurant_000700,Restaurant 700,Location 700
restaurant_000701,Restaurant,restaurant_000701,Restaurant 701,Location 701
restaurant_000702,Restaurant,restaurant_000702,Restaurant 702,Location 702
restaurant_000703,Restaurant,restaurant_000703,Restaurant 703,Location 703
restaurant_000704,Restaurant,restaurant_000704,Restaurant 704,Location 704
restaurant_000705,Restaurant,restaurant_000705,Restaurant 705,Location 705
restaurant_000706,Restaurant,restaurant_000706,Restaurant 706,Location 706
restaurant_000707,Restaurant,restaurant_000707,Restaurant 707,Location 707
restaurant_000708,Restaurant,restaurant_000708,Restaurant 708,Location 708
restaurant_000709,Restaurant,restaurant_000709,Restaurant 709,Location 709
restaurant_000710,Restaurant,restaurant_000710,Restaurant 710,Location 710
restaurant_000711,Restaurant,restaurant_000711,Restaurant 711,Location 711
restaurant_000712,Restaurant,restaurant_000712,Restaurant 712,Location 712
restaurant_000713,Restaurant,restaurant_000713,Restaurant 713,Location 713
restaurant_000714,Restaurant,restaurant_000714,Restaurant 714,Location 714
restaurant_000715,Restaurant,restaurant_000715,Restaurant 715,Location 715
restaurant_000716,Restaurant,restaurant_000716,Restaurant 716,Location 716
restaurant_000717,Restaurant,restaurant_000717,Restaurant 717,Location 717
restaurant_000718,Restaurant,restaurant_000718,Restaurant 718,Location 718
restaurant_000719,Restaurant,restaurant_000719,Restaurant 719,Location 719
restaurant_000720,Restaurant,restaurant_000720,Restaurant 720,Location 720
restaurant_000721,Restaurant,restaurant_000721,Restaurant 721,Location 721
restaurant_000722,Restaurant,restaurant_000722,Restaurant 722,Location 722
restaurant_000723,Restaurant,restaurant_000723,Restaurant 723,Location 723
restaurant_000724,Restaurant,restaurant_000724,Restaurant 724,Location 724
restaurant_000725,Restaurant,restaurant_000725,Restaurant 725,Location 725
restaurant_000726,Restaurant,restaurant_000726,Restaurant 726,Location 726
restaurant_000727,Restaurant,restaurant_000727,Restaurant 727,Location 727
restaurant_000728,Restaurant,restaurant_000728,Restaurant 728,Location 728
restaurant_000729,Restaurant,restaurant_000729,Restaurant 729,Location 729
restaurant_000730,Restaurant,restaurant_000730,Restaurant 730,Location 730
restaurant_000731,Restaurant,restaurant_000731,Restaurant 731,Location 731
restaurant_000732,Restaurant,restaurant_000732,Restaurant 732,Location 732
restaurant_000733,Restaurant,restaurant_000733,Restaurant 733,Location 733
restaurant_000734,Restaurant,restaurant_000734,Restaurant 734,Location 734
restaurant_000735,Restaurant,restaurant_000735,Restaurant 735,Location 735
restaurant_000736,Restaurant,restaurant_000736,Restaurant 736,Location 736
restaurant_000737,Restaurant,restaurant_000737,Restaurant 737,Location 737
restaurant_000738,Restaurant,restaurant_000738,Restaurant 738,Location 738
restaurant_000739,Restaurant,restaurant_000739,Restaurant 739,Location 739
restaurant_000740,Restaurant,restaurant_000740,Restaurant 740,Location 740
restaurant_000741,Restaurant,restaurant_000741,Restaurant 741,Location 741
restaurant_000742,Restaurant,restaurant_000742,Restaurant 742,Location 742
restaurant_000743,Restaurant,restaurant_000743,Restaurant 743,Location 743
restaurant_000744,Restaurant,restaurant_000744,Restaurant 744,Location 744
restaurant_000745,Restaurant,restaurant_000745,Restaurant 745,Location 745
restaurant_000746,Restaurant,restaurant_000746,Restaurant 746,Location 746
restaurant_000747,Restaurant,restaurant_000747,Restaurant 747,Location 747
restaurant_000748,Restaurant,restaurant_000748,Restaurant 748,Location 748
restaurant_000749,Restaurant,restaurant_000749,Restaurant 749,Location 749
restaurant_000750,Restaurant,restaurant_000750,Restaurant 750,Location 750
restaurant_000751,Restaurant,restaurant_000751,Restaurant 751,Location 751
restaurant_000752,Restaurant,restaurant_000752,Restaurant 752,Location 752
restaurant_000753,Restaurant,restaurant_000753,Restaurant 753,Location 753
restaurant_000754,Restaurant,restaurant_000754,Restaurant 754,Location 754
restaurant_000755,Restaurant,restaurant_000755,Restaurant 755,Location 755
restaurant_000756,Restaurant,restaurant_000756,Restaurant 756,Location 756
restaurant_000757,Restaurant,restaurant_000757,Restaurant 757,Location 757
restaurant_000758,Restaurant,restaurant_000758,Restaurant 758,Location 758
restaurant_000759,Restaurant,restaurant_000759,Restaurant 759,Location 759
restaurant_000760,Restaurant,restaurant_000760,Restaurant 760,Location 760
restaurant_000761,Restaurant,restaurant_000761,Restaurant 761,Location 761
restaurant_000762,Restaurant,restaurant_000762,Restaurant 762,Location 762
restaurant_000763,Restaurant,restaurant_000763,Restaurant 763,Location 763
restaurant_000764,Restaurant,restaurant_000764,Restaurant 764,Location 764
restaurant_000765,Restaurant,restaurant_000765,Restaurant 765,Location 765
restaurant_000766,Restaurant,restaurant_000766,Restaurant 766,Location 766
restaurant_000767,Restaurant,restaurant_000767,Restaurant 767,Location 767
restaurant_000768,Restaurant,restaurant_000768,Restaurant 768,Location 768
restaurant_000769,Restaurant,restaurant_000769,Restaurant 769,Location 769
restaurant_000770,Restaurant,restaurant_000770,Restaurant 770,Location 770
restaurant_000771,Restaurant,restaurant_000771,Restaurant 771,Location 771
restaurant_000772,Restaurant,restaurant_000772,Restaurant 772,Location 772
restaurant_000773,Restaurant,restaurant_000773,Restaurant 773,Location 773
restaurant_000774,Restaurant,restaurant_000774,Restaurant 774,Location 774
restaurant_000775,Restaurant,restaurant_000775,Restaurant 775,Location 775
restaurant_000776,Restaurant,restaurant_000776,Restaurant 776,Location 776
restaurant_000777,Restaurant,restaurant_000777,Restaurant 777,Location 777
restaurant_000778,Restaurant,restaurant_000778,Restaurant 778,Location 778
restaurant_000779,Restaurant,restaurant_000779,Restaurant 779,Location 779
restaurant_000780,Restaurant,restaurant_000780,Restaurant 780,Location 780
restaurant_000781,Restaurant,restaurant_000781,Restaurant 781,Location 781
restaurant_000782,Restaurant,restaurant_000782,Restaurant 782,Location 782
restaurant_000783,Restaurant,restaurant_000783,Restaurant 783,Location 783
restaurant_000784,Restaurant,restaurant_000784,Restaurant 784,Location 784
restaurant_000785,Restaurant,restaurant_000785,Restaurant 785,Location 785
restaurant_000786,Restaurant,restaurant_000786,Restaurant 786,Location 786
restaurant_000787,Restaurant,restaurant_000787,Restaurant 787,Location 787
restaurant_000788,Restaurant,restaurant_000788,Restaurant 788,Location 788
restaurant_000789,Restaurant,restaurant_000789,Restaurant 789,Location 789
restaurant_000790,Restaurant,restaurant_000790,Restaurant 790,Location 790
restaurant_000791,Restaurant,restaurant_000791,Restaurant 791,Location 791
restaurant_000792,Restaurant,restaurant_000792,Restaurant 792,Location 792
restaurant_000793,Restaurant,restaurant_000793,Restaurant 793,Location 793
restaurant_000794,Restaurant,restaurant_000794,Restaurant 794,Location 794
restaurant_000795,Restaurant,restaurant_000795,Restaurant 795,Location 795
restaurant_000796,Restaurant,restaurant_000796,Restaurant 796,Location 796
restaurant_000797,Restaurant,restaurant_000797,Restaurant 797,Location 797
restaurant_000798,Restaurant,restaurant_000798,Restaurant 798,Location 798
restaurant_000799,Restaurant,restaurant_000799,Restaurant 799,Location 799
restaurant_000800,Restaurant,restaurant_000800,Restaurant 800,Location 800
restaurant_000801,Restaurant,restaurant_000801,Restaurant 801,Location 801
restaurant_000802,Restaurant,restaurant_000802,Restaurant 802,Location 802
restaurant_000803,Restaurant,restaurant_000803,Restaurant 803,Location 803
restaurant_000804,Restaurant,restaurant_000804,Restaurant 804,Location 804
restaurant_000805,Restaurant,restaurant_000805,Restaurant 805,Location 805
restaurant_000806,Restaurant,restaurant_000806,Restaurant 806,Location 806
restaurant_000807,Restaurant,restaurant_000807,Restaurant 807,Location 807
restaurant_000808,Restaurant,restaurant_000808,Restaurant 808,Location 808
restaurant_000809,Restaurant,restaurant_000809,Restaurant 809,Location 809
restaurant_000810,Restaurant,restaurant_000810,Restaurant 810,Location 810
restaurant_000811,Restaurant,restaurant_000811,Restaurant 811,Location 811
restaurant_000812,Restaurant,restaurant_000812,Restaurant 812,Location 812
restaurant_000813,Restaurant,restaurant_000813,Restaurant 813,Location 813
restaurant_000814,Restaurant,restaurant_000814,Restaurant 814,Location 814
restaurant_000815,Restaurant,restaurant_000815,Restaurant 815,Location 815
restaurant_000816,Restaurant,restaurant_000816,Restaurant 816,Location 816
restaurant_000817,Restaurant,restaurant_000817,Restaurant 817,Location 817
restaurant_000818,Restaurant,restaurant_000818,Restaurant 818,Location 818
restaurant_000819,Restaurant,restaurant_000819,Restaurant 819,Location 819
restaurant_000820,Restaurant,restaurant_000820,Restaurant 820,Location 820
restaurant_000821,Restaurant,restaurant_000821,Restaurant 821,Location 821
restaurant_000822,Restaurant,restaurant_000822,Restaurant 822,Location 822
restaurant_000823,Restaurant,restaurant_000823,Restaurant 823,Location 823
restaurant_000824,Restaurant,restaurant_000824,Restaurant 824,Location 824
restaurant_000825,Restaurant,restaurant_000825,Restaurant 825,Location 825
restaurant_000826,Restaurant,restaurant_000826,Restaurant 826,Location 826
restaurant_000827,Restaurant,restaurant_000827,Restaurant 827,Location 827
restaurant_000828,Restaurant,restaurant_000828,Restaurant 828,Location 828
restaurant_000829,Restaurant,restaurant_000829,Restaurant 829,Location 829
restaurant_000830,Restaurant,restaurant_000830,Restaurant 830,Location 830
restaurant_000831,Restaurant,restaurant_000831,Restaurant 831,Location 831
restaurant_000832,Restaurant,restaurant_000832,Restaurant 832,Location 832
restaurant_000833,Restaurant,restaurant_000833,Restaurant 833,Location 833
restaurant_000834,Restaurant,restaurant_000834,Restaurant 834,Location 834
restaurant_000835,Restaurant,restaurant_000835,Restaurant 835,Location 835
restaurant_000836,Restaurant,restaurant_000836,Restaurant 836,Location 836
restaurant_000837,Restaurant,restaurant_000837,Restaurant 837,Location 837
restaurant_000838,Restaurant,restaurant_000838,Restaurant 838,Location 838
restaurant_000839,Restaurant,restaurant_000839,Restaurant 839,Location 839
restaurant_000840,Restaurant,restaurant_000840,Restaurant 840,Location 840
restaurant_000841,Restaurant,restaurant_000841,Restaurant 841,Location 841
restaurant_000842,Restaurant,restaurant_000842,Restaurant 842,Location 842
restaurant_000843,Restaurant,restaurant_000843,Restaurant 843,Location 843
restaurant_000844,Restaurant,restaurant_000844,Restaurant 844,Location 844
restaurant_000845,Restaurant,restaurant_000845,Restaurant 845,Location 845
restaurant_000846,Restaurant,restaurant_000846,Restaurant 846,Location 846
restaurant_000847,Restaurant,restaurant_000847,Restaurant 847,Location 847
restaurant_000848,Restaurant,restaurant_000848,Restaurant 848,Location 848
restaurant_000849,Restaurant,restaurant_000849,Restaurant 849,Location 849
restaurant_000850,Restaurant,restaurant_000850,Restaurant 850,Location 850
restaurant_000851,Restaurant,restaurant_000851,Restaurant 851,Location 851
restaurant_000852,Restaurant,restaurant_000852,Restaurant 852,Location 852
restaurant_000853,Restaurant,restaurant_000853,Restaurant 853,Location 853
restaurant_000854,Restaurant,restaurant_000854,Restaurant 854,Location 854
restaurant_000855,Restaurant,restaurant_000855,Restaurant 855,Location 855
restaurant_000856,Restaurant,restaurant_000856,Restaurant 856,Location 856
restaurant_000857,Restaurant,restaurant_000857,Restaurant 857,Location 857
restaurant_000858,Restaurant,restaurant_000858,Restaurant 858,Location 858
restaurant_000859,Restaurant,restaurant_000859,Restaurant 859,Location 859
restaurant_000860,Restaurant,restaurant_000860,Restaurant 860,Location 860
restaurant_000861,Restaurant,restaurant_000861,Restaurant 861,Location 861
restaurant_000862,Restaurant,restaurant_000862,Restaurant 862,Location 862
restaurant_000863,Restaurant,restaurant_000863,Restaurant 863,Location 863
restaurant_000864,Restaurant,restaurant_000864,Restaurant 864,Location 864
restaurant_000865,Restaurant,restaurant_000865,Restaurant 865,Location 865
restaurant_000866,Restaurant,restaurant_000866,Restaurant 866,Location 866
restaurant_000867,Restaurant,restaurant_000867,Restaurant 867,Location 867
restaurant_000868,Restaurant,restaurant_000868,Restaurant 868,Location 868
restaurant_000869,Restaurant,restaurant_000869,Restaurant 869,Location 869
restaurant_000870,Restaurant,restaurant_000870,Restaurant 870,Location 870
restaurant_000871,Restaurant,restaurant_000871,Restaurant 871,Location 871
restaurant_000872,Restaurant,restaurant_000872,Restaurant 872,Location 872
restaurant_000873,Restaurant,restaurant_000873,Restaurant 873,Location 873
restaurant_000874,Restaurant,restaurant_000874,Restaurant 874,Location 874
restaurant_000875,Restaurant,restaurant_000875,Restaurant 875,Location 875
restaurant_000876,Restaurant,restaurant_000876,Restaurant 876,Location 876
restaurant_000877,Restaurant,restaurant_000877,Restaurant 877,Location 877
restaurant_000878,Restaurant,restaurant_000878,Restaurant 878,Location 878
restaurant_000879,Restaurant,restaurant_000879,Restaurant 879,Location 879
restaurant_000880,Restaurant,restaurant_000880,Restaurant 880,Location 880
restaurant_000881,Restaurant,restaurant_000881,Restaurant 881,Location 881
restaurant_000882,Restaurant,restaurant_000882,Restaurant 882,Location 882
restaurant_000883,Restaurant,restaurant_000883,Restaurant 883,Location 883
restaurant_000884,Restaurant,restaurant_000884,Restaurant 884,Location 884
restaurant_000885,Restaurant,restaurant_000885,Restaurant 885,Location 885
restaurant_000886,Restaurant,restaurant_000886,Restaurant 886,Location 886
restaurant_000887,Restaurant,restaurant_000887,Restaurant 887,Location 887
restaurant_000888,Restaurant,restaurant_000888,Restaurant 888,Location 888
restaurant_000889,Restaurant,restaurant_000889,Restaurant 889,Location 889
restaurant_000890,Restaurant,restaurant_000890,Restaurant 890,Location 890
restaurant_000891,Restaurant,restaurant_000891,Restaurant 891,Location 891
restaurant_000892,Restaurant,restaurant_000892,Restaurant 892,Location 892
restaurant_000893,Restaurant,restaurant_000893,Restaurant 893,Location 893
restaurant_000894,Restaurant,restaurant_000894,Restaurant 894,Location 894
restaurant_000895,Restaurant,restaurant_000895,Restaurant 895,Location 895
restaurant_000896,Restaurant,restaurant_000896,Restaurant 896,Location 896
restaurant_000897,Restaurant,restaurant_000897,Restaurant 897,Location 897
restaurant_000898,Restaurant,restaurant_000898,Restaurant 898,Location 898
restaurant_000899,Restaurant,restaurant_000899,Restaurant 899,Location 899
restaurant_000900,Restaurant,restaurant_000900,Restaurant 900,Location 900
restaurant_000901,Restaurant,restaurant_000901,Restaurant 901,Location 901
restaurant_000902,Restaurant,restaurant_000902,Restaurant 902,Location 902
restaurant_000903,Restaurant,restaurant_000903,Restaurant 903,Location 903
restaurant_000904,Restaurant,restaurant_000904,Restaurant 904,Location 904
restaurant_000905,Restaurant,restaurant_000905,Restaurant 905,Location 905
restaurant_000906,Restaurant,restaurant_000906,Restaurant 906,Location 906
restaurant_000907,Restaurant,restaurant_000907,Restaurant 907,Location 907
restaurant_000908,Restaurant,restaurant_000908,Restaurant 908,Location 908
restaurant_000909,Restaurant,restaurant_000909,Restaurant 909,Location 909
restaurant_000910,Restaurant,restaurant_000910,Restaurant 910,Location 910
restaurant_000911,Restaurant,restaurant_000911,Restaurant 911,Location 911
restaurant_000912,Restaurant,restaurant_000912,Restaurant 912,Location 912
restaurant_000913,Restaurant,restaurant_000913,Restaurant 913,Location 913
restaurant_000914,Restaurant,restaurant_000914,Restaurant 914,Location 914
restaurant_000915,Restaurant,restaurant_000915,Restaurant 915,Location 915
restaurant_000916,Restaurant,restaurant_000916,Restaurant 916,Location 916
restaurant_000917,Restaurant,restaurant_000917,Restaurant 917,Location 917
restaurant_000918,Restaurant,restaurant_000918,Restaurant 918,Location 918
restaurant_000919,Restaurant,restaurant_000919,Restaurant 919,Location 919
restaurant_000920,Restaurant,restaurant_000920,Restaurant 920,Location 920
restaurant_000921,Restaurant,restaurant_000921,Restaurant 921,Location 921
restaurant_000922,Restaurant,restaurant_000922,Restaurant 922,Location 922
restaurant_000923,Restaurant,restaurant_000923,Restaurant 923,Location 923
restaurant_000924,Restaurant,restaurant_000924,Restaurant 924,Location 924
restaurant_000925,Restaurant,restaurant_000925,Restaurant 925,Location 925
restaurant_000926,Restaurant,restaurant_000926,Restaurant 926,Location 926
restaurant_000927,Restaurant,restaurant_000927,Restaurant 927,Location 927
restaurant_000928,Restaurant,restaurant_000928,Restaurant 928,Location 928
restaurant_000929,Restaurant,restaurant_000929,Restaurant 929,Location 929
restaurant_000930,Restaurant,restaurant_000930,Restaurant 930,Location 930
restaurant_000931,Restaurant,restaurant_000931,Restaurant 931,Location 931
restaurant_000932,Restaurant,restaurant_000932,Restaurant 932,Location 932
restaurant_000933,Restaurant,restaurant_000933,Restaurant 933,Location 933
restaurant_000934,Restaurant,restaurant_000934,Restaurant 934,Location 934
restaurant_000935,Restaurant,restaurant_000935,Restaurant 935,Location 935
restaurant_000936,Restaurant,restaurant_000936,Restaurant 936,Location 936
restaurant_000937,Restaurant,restaurant_000937,Restaurant 937,Location 937
restaurant_000938,Restaurant,restaurant_000938,Restaurant 938,Location 938
restaurant_000939,Restaurant,restaurant_000939,Restaurant 939,Location 939
restaurant_000940,Restaurant,restaurant_000940,Restaurant 940,Location 940
restaurant_000941,Restaurant,restaurant_000941,Restaurant 941,Location 941
restaurant_000942,Restaurant,restaurant_000942,Restaurant 942,Location 942
restaurant_000943,Restaurant,restaurant_000943,Restaurant 943,Location 943
restaurant_000944,Restaurant,restaurant_000944,Restaurant 944,Location 944
restaurant_000945,Restaurant,restaurant_000945,Restaurant 945,Location 945
restaurant_000946,Restaurant,restaurant_000946,Restaurant 946,Location 946
restaurant_000947,Restaurant,restaurant_000947,Restaurant 947,Location 947
restaurant_000948,Restaurant,restaurant_000948,Restaurant 948,Location 948
restaurant_000949,Restaurant,restaurant_000949,Restaurant 949,Location 949
restaurant_000950,Restaurant,restaurant_000950,Restaurant 950,Location 950
restaurant_000951,Restaurant,restaurant_000951,Restaurant 951,Location 951
restaurant_000952,Restaurant,restaurant_000952,Restaurant 952,Location 952
restaurant_000953,Restaurant,restaurant_000953,Restaurant 953,Location 953
restaurant_000954,Restaurant,restaurant_000954,Restaurant 954,Location 954
restaurant_000955,Restaurant,restaurant_000955,Restaurant 955,Location 955
restaurant_000956,Restaurant,restaurant_000956,Restaurant 956,Location 956
restaurant_000957,Restaurant,restaurant_000957,Restaurant 957,Location 957
restaurant_000958,Restaurant,restaurant_000958,Restaurant 958,Location 958
restaurant_000959,Restaurant,restaurant_000959,Restaurant 959,Location 959
restaurant_000960,Restaurant,restaurant_000960,Restaurant 960,Location 960
restaurant_000961,Restaurant,restaurant_000961,Restaurant 961,Location 961
restaurant_000962,Restaurant,restaurant_000962,Restaurant 962,Location 962
restaurant_000963,Restaurant,restaurant_000963,Restaurant 963,Location 963
restaurant_000964,Restaurant,restaurant_000964,Restaurant 964,Location 964
restaurant_000965,Restaurant,restaurant_000965,Restaurant 965,Location 965
restaurant_000966,Restaurant,restaurant_000966,Restaurant 966,Location 966
restaurant_000967,Restaurant,restaurant_000967,Restaurant 967,Location 967
restaurant_000968,Restaurant,restaurant_000968,Restaurant 968,Location 968
restaurant_000969,Restaurant,restaurant_000969,Restaurant 969,Location 969
restaurant_000970,Restaurant,restaurant_000970,Restaurant 970,Location 970
restaurant_000971,Restaurant,restaurant_000971,Restaurant 971,Location 971
restaurant_000972,Restaurant,restaurant_000972,Restaurant 972,Location 972
restaurant_000973,Restaurant,restaurant_000973,Restaurant 973,Location 973
restaurant_000974,Restaurant,restaurant_000974,Restaurant 974,Location 974
restaurant_000975,Restaurant,restaurant_000975,Restaurant 975,Location 975
restaurant_000976,Restaurant,restaurant_000976,Restaurant 976,Location 976
restaurant_000977,Restaurant,restaurant_000977,Restaurant 977,Location 977
restaurant_000978,Restaurant,restaurant_000978,Restaurant 978,Location 978
restaurant_000979,Restaurant,restaurant_000979,Restaurant 979,Location 979
restaurant_000980,Restaurant,restaurant_000980,Restaurant 980,Location 980
restaurant_000981,Restaurant,restaurant_000981,Restaurant 981,Location 981
restaurant_000982,Restaurant,restaurant_000982,Restaurant 982,Location 982
restaurant_000983,Restaurant,restaurant_000983,Restaurant 983,Location 983
restaurant_000984,Restaurant,restaurant_000984,Restaurant 984,Location 984
restaurant_000985,Restaurant,restaurant_000985,Restaurant 985,Location 985
restaurant_000986,Restaurant,restaurant_000986,Restaurant 986,Location 986
restaurant_000987,Restaurant,restaurant_000987,Restaurant 987,Location 987
restaurant_000988,Restaurant,restaurant_000988,Restaurant 988,Location 988
restaurant_000989,Restaurant,restaurant_000989,Restaurant 989,Location 989
restaurant_000990,Restaurant,restaurant_000990,Restaurant 990,Location 990
restaurant_000991,Restaurant,restaurant_000991,Restaurant 991,Location 991
restaurant_000992,Restaurant,restaurant_000992,Restaurant 992,Location 992
restaurant_000993,Restaurant,restaurant_000993,Restaurant 993,Location 993
restaurant_000994,Restaurant,restaurant_000994,Restaurant 994,Location 994
restaurant_000995,Restaurant,restaurant_000995,Restaurant 995,Location 995
restaurant_000996,Restaurant,restaurant_000996,Restaurant 996,Location 996
restaurant_000997,Restaurant,restaurant_000997,Restaurant 997,Location 997
restaurant_000998,Restaurant,restaurant_000998,Restaurant 998,Location 998
restaurant_000999,Restaurant,restaurant_000999,Restaurant 999,Location 999
restaurant_001000,Restaurant,restaurant_001000,Restaurant 1000,Location 1000
